{
  "total": 2,
  "data": [
    {
      "officeSiteId": 201,
      "createDate": "2017-07-26T04:05:01.722Z",
      "modifiedDate": "2017-07-26T04:05:01.722Z",
      "name": "Bộ giao thông vận tải",
      "enName": "Bộ giao thông vận tải",
      "govAgencyCode": "GOVERMENT_AGENCY",
      "address": "Số 120, Xuân Thủy, Cầu Giấy",
      "telNo": "0947837483",
      "faxNo": "0947837483",
      "email": "gtvtvn@gmail.com",
      "website": "gtvt.vn",
      "siteGroup": {
        "groupId": 101,
        "groupName": "Cơ quan tổ chức"
      },
      "adminUser": {
        "userId": 301,
        "screenName": "GTVTAdmin",
        "email": "gtvtadmin@gmail.com"
      }
    },
    {
      "officeSiteId": 202,
      "createDate": "2017-07-28T04:05:01.722Z",
      "modifiedDate": "2017-07-28T04:05:01.722Z",
      "name": "Công ty cổ phần FDS",
      "enName": "Công ty cổ phần FDS",
      "govAgencyCode": "GOVERMENT_AGENCY",
      "address": "Số 3 Phố Tôn Thất Thuyết",
      "telNo": "0948837489",
      "faxNo": "0948837489",
      "email": "company@fds.vn",
      "website": "fds.vn",
      "siteGroup": {
        "groupId": 101,
        "groupName": "Cơ quan tổ chức"
      },
      "adminUser": {
        "userId": 302,
        "screenName": "FDSAdmin",
        "email": "fdsadmin@gmail.com"
      }
    }
  ]
}