{
  "total": 5,
  "data": [
	{

	"workingUnitId": 6,
	"createDate": "2017-07-25T01:53:11.249Z",
	"modifiedDate": "2017-07-25T01:53:11.249Z",
	"name": "Hội đồng quản trị 2",
	"enName": "Hội đồng quản trị 2",
	"govAgencyCode": "HĐQT2",
	"parentWorkingUnitId": 0,
	"address": "Hai Bà Trưng, Hanoi, Vietnam",
	"telNo": "04323423423",
	"faxNo": "",
	"email": "admin@delco.vn",
	"website": "www.delco.vn",
	"sibling": 0,
	"treeIndex": "",
	"level": 0,
"ceremonyDate":"2017-07-12T01:53:11.249Z"

    },    
	 {

	"workingUnitId": 1,
	"createDate": "2017-07-25T01:53:11.249Z",
	"modifiedDate": "2017-07-25T01:53:11.249Z",
	"name": "Hội đồng quản trị",
	"enName": "Hội đồng quản trị",
	"govAgencyCode": "HĐQT",
	"parentWorkingUnitId": 0,
	"address": "Hai Bà Trưng, Hanoi, Vietnam",
	"telNo": "04323423423",
	"faxNo": "",
	"email": "admin@delco.vn",
	"website": "www.delco.vn",
	"sibling": 0,
	"treeIndex": "",
	"level": 0,
"ceremonyDate":"2017-07-12T01:53:11.249Z"

    },
    {
      "workingUnitId": 2,
      "createDate": "2017-07-10T01:53:11.249Z",
      "modifiedDate": "2017-07-10T01:53:11.249Z",
      "name": "Bộ phận kinh doanh",
      "enName": "Bộ phận kinh doanh",
      "govAgencyCode": "BPKD",
      "parentWorkingUnitId": 1,
      "address": "Số 3 Tôn Thất  Thuyết",
      "telNo": "0948345678",
      "faxNo": "0948345678",
      "email": "bpkd@fds.vn",
      "website": "fds.vn",
      "sibling": 1,
      "treeIndex": "1",
      "level": 1,
"ceremonyDate":"2017-07-12T01:53:11.249Z"
    },
    {
      "workingUnitId": 3,
      "createDate": "2017-07-10T01:53:11.249Z",
      "modifiedDate": "2017-07-10T01:53:11.249Z",
      "name": "Bộ phận sale",
      "enName": "Bộ phận sale",
      "govAgencyCode": "BPSALE",
      "parentWorkingUnitId": 2,
      "address": "Số 3 Tôn Thất  Thuyết",
      "telNo": "0948345678",
      "faxNo": "0948345678",
      "email": "bpsale@fds.vn",
      "website": "sale.fds.vn",
      "sibling": 1,
      "treeIndex": "1.1.1",
      "level": 2,
"ceremonyDate":"2017-07-12T01:53:11.249Z"
    },
    {
      "workingUnitId": 4,
      "createDate": "2017-07-11T01:53:11.249Z",
      "modifiedDate": "2017-07-11T01:53:11.249Z",
      "name": "Bộ phận hành chính",
      "enName": "Bộ phận hành chính",
      "govAgencyCode": "BPHC",
      "parentWorkingUnitId": 1,
      "address": "Số 3 Tôn Thất  Thuyết",
      "telNo": "0948345678",
      "faxNo": "0948345678",
      "email": "bpkd@fds.vn",
      "website": "fds.vn",
      "sibling": 2,
      "treeIndex": "1.2",
      "level": 1,
"ceremonyDate":"2017-07-12T01:53:11.249Z"
    },
    {
      "workingUnitId": 5,
      "createDate": "2017-07-12T01:53:11.249Z",
      "modifiedDate": "2017-07-12T01:53:11.249Z",
      "name": "Bộ phận phát triển PM",
      "enName": "Bộ phận phát triển PM",
      "govAgencyCode": "BPPTPM",
      "parentWorkingUnitId": 1,
      "address": "Số 3 Tôn Thất  Thuyết",
      "telNo": "0948345678",
      "faxNo": "0948345678",
      "email": "bpkd@fds.vn",
      "website": "fds.vn",
      "sibling": 3,
      "treeIndex": "1.3",
      "level": 1,
"ceremonyDate":"2017-07-12T01:53:11.249Z"
    }
  ]
}
