{
      "workingUnitId": 102,
      "createDate": "2017-07-11T01:53:11.249Z",
      "modifiedDate": "2017-07-11T01:53:11.249Z",
      "name": "Bộ phận hành chính",
      "enName": "Bộ phận hành chính",
      "govAgencyCode": "BPHC",
      "parentWorkingUnitId": 201,
      "address": "Số 3 Tôn Thất  Thuyết",
      "telNo": "0948345678",
      "faxNo": "0948345678",
      "email": "bpkd@fds.vn",
      "website": "fds.vn",
      "sibling": 2,
      "treeIndex": "1.2",
      "level": 1,
"ceremonyDate":"2017-07-12T01:53:11.249Z"
}
