{
      "workingUnitId": 101,
      "createDate": "2017-07-10T01:53:11.249Z",
      "modifiedDate": "2017-07-10T01:53:11.249Z",
      "name": "Bộ phận kinh doanh",
      "enName": "Bộ phận kinh doanh",
      "govAgencyCode": "BPKD",
      "parentWorkingUnitId": 201,
      "address": "Số 3 Tôn Thất  Thuyết",
      "telNo": "0948345678",
      "faxNo": "0948345678",
      "email": "bpkd@fds.vn",
      "website": "fds.vn",
      "sibling": 1,
      "treeIndex": "1",
      "level": 1,
"ceremonyDate":"2017-07-12T01:53:11.249Z"
}
