[{
  "commentId": 1,
  "userId": 2,
  "createDate": "2017-07-24T04:05:01.722Z",
  "modifiedDate": "2017-07-24T04:05:01.722Z",
  "className": "DocFile",
  "classPK": 101,
  "fullname": "Nguyễn Văn Hoàng",
  "email": "",
  "parent": 0,
  "content": "Mọi người cho ý kiến khi ứng dụng Mobilink vào quản lý các hoạt đông trong doanh nghiệp?",
  "fileName": "attach_1.png",
  "fileType": "PNG",
  "fileUrl": "ddatasource/json/comments/attach_1.png",
  "pictureUrl": "/ddatasource/json/comments/picture_1.png",
  "profileUrl": "/ddatasource/json/comments/comments_1.json",
  "pings": [1,3,4],
  "isNew": true,
  "upvoteCount": 999,
  "userHasUpvoted": false,
  "createdByCurrentUser": true,
  "isAdmin": true
},
{
  "commentId": 2,
  "userId": 3,
  "createDate": "2017-07-26T04:05:01.722Z",
  "modifiedDate": "2017-07-26T04:05:01.722Z",
  "className": "DocFile",
  "classPK": 101,
  "fullname": "Nguyễn Văn Huân",
  "email": "",
  "parent": 1,
  "content": "Việc áp dụng Mobilink vào quản lý hoạt động rất ý nghĩa và thuận tiến trong quản lý",
  "fileName": "attach_2.png",
  "fileType": "PNG",
  "fileUrl": "ddatasource/json/comments/attach_2.png",
  "pictureUrl": "/ddatasource/json/comments/picture_2.png",
  "profileUrl": "/ddatasource/json/comments/comments_2.json",
  "pings": [2,4],
  "isNew": false,
  "upvoteCount": 1,
  "userHasUpvoted": true,
  "createdByCurrentUser": false
},
{
  "commentId": 3,
  "userId": 3,
  "createDate": "2017-07-26T04:05:01.722Z",
  "modifiedDate": "2017-07-26T04:05:01.722Z",
  "className": "DocFile",
  "classPK": 101,
  "fullname": "Trần Thái Bình",
  "email": "",
  "parent": 1,
  "content": "Áp dụng Mobilink tiết kiệm về tài chính và quản lý hiệu quả hơn trong công việc",
  "fileName": "",
  "fileType": "",
  "fileUrl": "",
  "pictureUrl": "/ddatasource/json/comments/picture_3.png",
  "profileUrl": "/ddatasource/json/comments/comments_3.json",
  "pings": [2,3],
  "isNew": false,
  "upvoteCount": 1,
  "userHasUpvoted": true,
  "createdByCurrentUser": false
},
{
  "commentId": 4,
  "userId": 4,
  "createDate": "2017-07-28T04:05:01.722Z",
  "modifiedDate": "2017-07-28T04:05:01.722Z",
  "className": "DocFile",
  "classPK": 101,
  "fullname": "Nguyễn Tiến Hơn",
  "email": "honnt@gmail.com",
  "parent": 1,
  "content": "Hiệu quả và thúc đẩy quá trình sản xuất của doanh nghiệp",
  "fileName": "",
  "fileType": "",
  "fileUrl": "",
  "pictureUrl": "/ddatasource/json/comments/picture_4.png",
  "profileUrl": "/ddatasource/json/comments/comments_4.json",
  "pings": [2,3],
  "isNew": false,
  "upvoteCount": 1,
  "userHasUpvoted": true,
  "createdByCurrentUser": false
},
{
  "commentId": 5,
  "userId": 3,
  "createDate": "2017-07-28T04:05:01.722Z",
  "modifiedDate": "2017-07-28T04:05:01.722Z",
  "className": "DocFile",
  "classPK": 101,
  "fullname": "Đặng Hữu Hòa",
  "email": "hoadh@gmail.com",
  "parent": 2,
  "content": "Áp dụng Mobilink làm rất hiểu quả và tiết kiệm kinh phí",
  "fileName": "",
  "fileType": "",
  "fileUrl": "",
  "pictureUrl": "/ddatasource/json/comments/picture_5.png",
  "profileUrl": "/ddatasource/json/comments/comments_5.json",
  "pings": [2,3,4],
  "isNew": false,
  "upvoteCount": 1,
  "userHasUpvoted": true,
  "createdByCurrentUser": true
}]

