{
  "commentId": 4,
  "userId": 1,
  "createDate": "2017-07-28T04:05:01.722Z",
  "modifiedDate": "2017-07-28T04:05:01.722Z",
  "className": "DocFile",
  "classPK": 101,
  "fullname": "Nguyễn Tiến Hơn",
  "email": "honnt@gmail.com",
  "parent": 1,
  "content": "Hiệu quả và thúc đẩy quá trình sản xuất của doanh nghiệp",
  "fileName": "",
  "fileType": "",
  "fileUrl": "",
  "pictureUrl": "/ddatasource/json/comments/profilePicture.jpg",
  "profileUrl": "/ddatasource/json/comments/profile.json",
  "pings": [2,3],
  "isNew": false,
  "upvoteCount": 1,
  "userHasUpvoted": true,
  "createdByCurrentUser": false
}