[{
  "commentId": 1,
  "userId": 2,
  "createDate": "2017-07-24T04:05:01.722Z",
  "modifiedDate": "2017-07-24T04:05:01.722Z",
  "className": "DocFile",
  "classPK": 101,
  "fullname": "Nguyễn Văn Hoàng",
  "email": "",
  "parent": 0,
  "content": "Mọi người cho ý kiến khi ứng dụng Mobilink vào quản lý các hoạt đông trong doanh nghiệp?",
  "fileName": "comments_1.pdf",
  "fileType": "PDF",
  "fileUrl": "ddatasource/json/comments/comments_1.pdf",
  "pictureUrl": "/ddatasource/json/comments/profilePicture.jpg",
  "profileUrl": "/ddatasource/json/comments/profile.json",
  "pings": [2,3,4],
  "isNew": true,
  "upvoteCount": 0,
  "userHasUpvoted": false,
  "createdByCurrentUser": true
},
{
  "commentId": 3,
  "userId": 3,
  "createDate": "2017-07-26T04:05:01.722Z",
  "modifiedDate": "2017-07-26T04:05:01.722Z",
  "className": "DocFile",
  "classPK": 101,
  "fullname": "Trần Thái Bình",
  "email": "",
  "parent": 1,
  "content": "Áp dụng Mobilink tiết kiệm về tài chính và quản lý hiệu quả hơn trong công việc",
  "fileName": "",
  "fileType": "",
  "fileUrl": "",
  "pictureUrl": "/ddatasource/json/comments/profilePicture.jpg",
  "profileUrl": "/ddatasource/json/comments/profile.json",
  "pings": [2,3],
  "isNew": false,
  "upvoteCount": 1,
  "userHasUpvoted": true,
  "createdByCurrentUser": false
},
{
  "commentId": 5,
  "userId": 5,
  "createDate": "2017-07-28T04:05:01.722Z",
  "modifiedDate": "2017-07-28T04:05:01.722Z",
  "className": "DocFile",
  "classPK": 101,
  "fullname": "Đặng Hữu Hòa",
  "email": "hoadh@gmail.com",
  "parent": 1,
  "content": "Áp dụng Mobilink làm rất hiểu quả và tiết kiệm kinh phí",
  "fileName": "",
  "fileType": "",
  "fileUrl": "",
  "pictureUrl": "/ddatasource/json/comments/profilePicture.jpg",
  "profileUrl": "/ddatasource/json/comments/profile.json",
  "pings": [2,3,4],
  "isNew": false,
  "upvoteCount": 1,
  "userHasUpvoted": true,
  "createdByCurrentUser": false
}]
