{
  "commentId": 2,
  "userId": 3,
  "createDate": "2017-07-26T04:05:01.722Z",
  "modifiedDate": "2017-07-26T04:05:01.722Z",
  "className": "DocFile",
  "classPK": 101,
  "fullname": "Nguyễn Văn Huân",
  "email": "",
  "parent": 1,
  "content": "Việc áp dụng Mobilink vào quản lý hoạt động rất ý nghĩa và thuận tiến trong quản lý",
  "fileName": "",
  "fileType": "",
  "fileUrl": "",
  "pictureUrl": "/ddatasource/json/comments/profilePicture.jpg",
  "profileUrl": "/ddatasource/json/comments/profile.json",
  "pings": [2,4],
  "isNew": false,
  "upvoteCount": 1,
  "userHasUpvoted": true,
  "createdByCurrentUser": false
}