{
  "total": 4,
  "data": [
    {
      "activtyId": 101,
      "userId": 2001,
      "userName": "useradmin",
      "createDate": "2017-07-16T12:10:42.742Z",
      "modifiedDate": "2017-07-16T12:10:42.742Z",
      "activityType": "TASK",
      "activityCat": "TASK_FDS",
      "categoryName": "Nhóm hoạt động công việc FDS",
      "activityNo": "A_TASK101",
      "subject": "Họp triển khai dự án Mobilink cho DELCO",
      "hosting": "Trần Kim Dũng",
      "location": "Số 3 Tôn Thất Thuyết, Tòa nhà VAPA",
      "geolocation": "21.028509, 105.780758",
      "startDate": "2017-07-16T12:10:42.742Z",
      "endDate": "2017-07-18T12:10:42.742Z",
      "dueDate": "2017-07-18T12:10:42.742Z",
      "openingState": 1,
      "activityStatus": "Hoạt động đang diễn ra",
      "onCalendar": true,
      "personal": false,
      "isTemplate": 0,
      "isNew": true,
      "overdue": 0,
      "permission": "0",
      "participantStatus": "",
      "participantsCount": 10,
      "documentsCount": 5,
      "commentsCount": 20,
      "checklistsCount": 3,
      "finishedCount": 1,
      "votingsCount": 10,
      "labels": [
        {
          "labelId": 102,
          "name": "Dự án mobilink",
          "color": "#80ff00"
        }
      ]
    },
    {
      "activtyId": 102,
      "userId": 2001,
      "userName": "useradmin",
      "createDate": "2017-07-20T12:10:42.742Z",
      "modifiedDate": "2017-07-20T12:10:42.742Z",
      "activityType": "TASK",
      "activityCat": "TASK_FDS",
      "categoryName": "Nhóm hoạt động công việc FDS",
      "activityNo": "A_TASK102",
      "subject": "Họp triển khai OPENCPS 2.0",
      "hosting": "Lê Phú Cường",
      "location": "Số 3 Tôn Thất Thuyết, Tòa nhà VAPA",
      "geolocation": "21.028509, 105.780758",
      "startDate": "2017-07-20T12:10:42.742Z",
      "endDate": "2017-07-25T12:10:42.742Z",
      "dueDate": "2017-07-26T12:10:42.742Z",
      "openingState": 1,
      "activityStatus": "Hoạt động đang diễn ra",
      "onCalendar": true,
      "personal": false,
      "isTemplate": 0,
      "isNew": true,
      "overdue": 0,
      "permission": "0",
      "participantStatus": "",
      "participantsCount": 10,
      "documentsCount": 5,
      "commentsCount": 20,
      "checklistsCount": 3,
      "finishedCount": 1,
      "votingsCount": 10,
      "labels": [
        {
          "labelId": 102,
          "name": "Dự án OPENCPS2.0",
          "color": "#80ff00"
        }
      ]
    },
    {
      "activtyId": 103,
      "userId": 2001,
      "userName": "useradmin",
      "createDate": "2017-08-20T12:10:42.742Z",
      "modifiedDate": "2017-08-20T12:10:42.742Z",
      "activityType": "TASK",
      "activityCat": "TASK_FDS",
      "categoryName": "Nhóm hoạt động công việc FDS",
      "activityNo": "A_TASK103",
      "subject": "Hoạt động nghĩ mát hè 2017",
      "hosting": "Nguyễn Thị Phương",
      "location": "Số 3 Tôn Thất Thuyết, Tòa nhà VAPA",
      "geolocation": "21.028509, 105.780758",
      "startDate": "2017-08-20T12:10:42.742Z",
      "endDate": "2017-08-22T12:10:42.742Z",
      "dueDate": "2017-08-22T12:10:42.742Z",
      "openingState": 3,
      "activityStatus": "Hoạt động đã hủy",
      "onCalendar": false,
      "personal": false,
      "isTemplate": 0,
      "isNew": true,
      "overdue": 0,
      "permission": "0",
      "participantStatus": "",
      "participantsCount": 30,
      "documentsCount": 0,
      "commentsCount": 100,
      "checklistsCount": 2,
      "finishedCount": 0,
      "votingsCount": 30,
      "labels": [
        {
          "labelId": 102,
          "name": "FDS Family Summer 2017",
          "color": "#80ff00"
        }
      ]
    },
    {
      "activtyId": 104,
      "userId": 2001,
      "userName": "useradmin",
      "createDate": "2017-08-22T12:10:42.742Z",
      "modifiedDate": "2017-08-22T12:10:42.742Z",
      "activityType": "TASK",
      "activityCat": "TASK_FDS",
      "categoryName": "Nhóm hoạt động công việc FDS",
      "activityNo": "A_TASK104",
      "subject": "Tổ chức giải bóng đá FDS",
      "hosting": "Phạm Quang Huy",
      "location": "Số 3 Tôn Thất Thuyết, Tòa nhà VAPA",
      "geolocation": "21.028509, 105.780758",
      "startDate": "2017-08-22T12:10:42.742Z",
      "endDate": "2017-08-24T12:10:42.742Z",
      "dueDate": "2017-08-24T12:10:42.742Z",
      "openingState": 2,
      "activityStatus": "Hoạt động đã kết thúc",
      "onCalendar": true,
      "personal": false,
      "isTemplate": 1,
      "isNew": false,
      "overdue": 2,
      "permission": "0",
      "participantStatus": "",
      "participantsCount": 30,
      "documentsCount": 2,
      "commentsCount": 100,
      "checklistsCount": 2,
      "finishedCount": 2,
      "votingsCount": 30,
      "labels": [
        {
          "labelId": 102,
          "name": "FDS Family Football 2017",
          "color": "#80ff00"
        }
      ]
    }
  ]
}