{
  "activtyId": 106,
  "userId": 2001,
  "userName": "useradmin",
  "createDate": "2017-07-16T12:10:42.742Z",
  "modifiedDate": "2017-07-16T12:10:42.742Z",
  "activityType": "TASK",
  "activityCat": "TASK_FDS",
  "categoryName": "Nhóm hoạt động công việc FDS",
  "activityNo": "A_TASK101",
  "subject": "Họp triển khai dự án Mobilink cho DELCO",
  "hosting": "Trần Kim Dũng",
  "location": "Số 3 Tôn Thất Thuyết, Tòa nhà VAPA",
  "geolocation": "21.028509, 105.780758",
  "startDate": "2017-07-16T12:10:42.742Z",
  "endDate": "2017-07-18T12:10:42.742Z",
  "dueDate": "2017-07-18T12:10:42.742Z",
  "openingState": 1,
  "activityStatus": "Hoạt động đang diễn ra",
  "onCalendar": true,
  "personal": false,
  "isTemplate": 0,
  "isNew": true,
  "overdue": 0,
  "permission": "0",
  "participantStatus": "",
  "participantsCount": 0,
  "documentsCount": 0,
  "commentsCount": 0,
  "checklistsCount": 0,
  "finishedCount": 0,
  "votingsCount": 0
}