{
      "checklistId": 101,
      "createDate": "2017-07-28T07:47:30.443Z",
      "modifiedDate": "2017-07-28T07:47:30.443Z",
      "type": 0,
      "doItem": "Thực hiện xây dựng dữ liệu mẫu và kịch bản",
      "seqNum": 1,
      "participantId": 201,
      "fullname": "Nguyễn Văn Thống",
      "startDate": "2017-07-29T07:47:30.444Z",
      "finishDate": "2017-07-31T07:47:30.444Z",
      "percentage": 90,
      "participantNote": "Đang thực hiện",
      "activityTemplateId": 201,
      "activityId": 301,
      "activityStateId": 1001,
      "preChecklists": [102,103,104],
      "days": 3,
      "dueDate": "2017-07-31T07:47:30.444Z",
      "overdue": 0,
      "rating": 90,
      "docFileId": 101,
      "docFileTemplateId": 201,
      "docArchiveId": 201,
      "docArchiveTemplateId": 301
}