{
  "total": 5,
  "data": [
    {
      "checklistId": 101,
      "createDate": "2017-07-28T07:47:30.443Z",
      "modifiedDate": "2017-07-28T07:47:30.443Z",
      "type": 0,
      "doItem": "Thực hiện xây dựng dữ liệu mẫu và kịch bản",
      "seqNum": 1,
      "participantId": 201,
      "fullname": "Nguyễn Văn Thống",
      "startDate": "2017-07-29T07:47:30.444Z",
      "finishDate": "2017-07-31T07:47:30.444Z",
      "percentage": 90,
      "participantNote": "Đang thực hiện",
      "activityTemplateId": 201,
      "activityId": 301,
      "activityStateId": 1001,
      "preChecklists": [102,103,104],
      "days": 3,
      "dueDate": "2017-07-31T07:47:30.444Z",
      "overdue": 0,
      "rating": 90,
      "docFileId": 101,
      "docFileTemplateId": 201,
      "docArchiveId": 201,
      "docArchiveTemplateId": 301
    },
    {
      "checklistId": 102,
      "createDate": "2017-08-10T07:47:30.443Z",
      "modifiedDate": "2017-08-10T07:47:30.443Z",
      "type": 1,
      "doItem": "Thực hiện xây dựng văn bản kiểm tra công việc",
      "seqNum": 2,
      "participantId": 202,
      "fullname": "Đặng Nhật Tân",
      "startDate": "2017-08-10T07:47:30.444Z",
      "finishDate": "2017-08-15T07:47:30.444Z",
      "percentage": 10,
      "participantNote": "Đang thực hiện",
      "activityTemplateId": 202,
      "activityId": 201,
      "activityStateId": 1002,
      "preChecklists": [102,104],
      "days": 5,
      "dueDate": "2017-08-15T07:47:30.444Z",
      "overdue": 0,
      "rating": 0,
      "docFileId": 102,
      "docFileTemplateId": 201,
      "docArchiveId": 103,
      "docArchiveTemplateId": 203
    },
    {
      "checklistId": 103,
      "createDate": "2017-08-20T07:47:30.443Z",
      "modifiedDate": "2017-08-20T07:47:30.443Z",
      "type": 2,
      "doItem": "Thực hiện phê duyệt dữ liệu mẫu và kịch bản",
      "seqNum": 3,
      "participantId": 203,
      "fullname": "Đặng Hữu Nam",
      "startDate": "2017-08-20T07:47:30.444Z",
      "finishDate": "2017-08-22T07:47:30.444Z",
      "percentage": 30,
      "participantNote": "Đang thực hiện",
      "activityTemplateId": 203,
      "activityId": 303,
      "activityStateId": 1004,
      "preChecklists": [103,104],
      "days": 2,
      "dueDate": "2017-08-22T07:47:30.444Z",
      "overdue": 0,
      "rating": 0,
      "docFileId": 201,
      "docFileTemplateId": 301,
      "docArchiveId": 202,
      "docArchiveTemplateId": 302
    },
    {
      "checklistId": 104,
      "createDate": "2017-08-23T07:47:30.443Z",
      "modifiedDate": "2017-08-23T07:47:30.443Z",
      "type": 3,
      "doItem": "Thực hiện xây dựng hoạt động dẫn xuất",
      "seqNum": 4,
      "participantId": 401,
      "fullname": "Nguyễn Quang Thắng",
      "startDate": "2017-08-23T07:47:30.444Z",
      "finishDate": "2017-08-25T07:47:30.444Z",
      "percentage": 10,
      "participantNote": "Đang thực hiện",
      "activityTemplateId": 401,
      "activityId": 501,
      "activityStateId": 2001,
      "preChecklists": [104],
      "days": 2,
      "dueDate": "2017-08-25T07:47:30.444Z",
      "overdue": 0,
      "rating": 100,
      "docFileId": 401,
      "docFileTemplateId": 501,
      "docArchiveId": 601,
      "docArchiveTemplateId": 201
    },
    {
      "checklistId": 105,
      "createDate": "2017-08-25T07:47:30.443Z",
      "modifiedDate": "2017-08-25T07:47:30.443Z",
      "type": 4,
      "doItem": "Thực hiện xây dựng hồ sơ",
      "seqNum": 5,
      "participantId": 101,
      "fullname": "Đặng Hồng Thái",
      "startDate": "2017-08-25T07:47:30.444Z",
      "finishDate": "2017-08-30T07:47:30.444Z",
      "percentage": 95,
      "participantNote": "Đang thực hiện",
      "activityTemplateId": 101,
      "activityId": 201,
      "activityStateId": 1002,
      "preChecklists": [102],
      "days": 5,
      "dueDate": "2017-08-30T07:47:30.444Z",
      "overdue": 0,
      "rating": 95,
      "docFileId": 202,
      "docFileTemplateId": 303,
      "docArchiveId": 404,
      "docArchiveTemplateId": 505
    }
  ]
}