{
      "checklistId": 105,
      "createDate": "2017-08-25T07:47:30.443Z",
      "modifiedDate": "2017-08-25T07:47:30.443Z",
      "type": 4,
      "doItem": "Thực hiện xây dựng hồ sơ",
      "seqNum": 5,
      "participantId": 101,
      "fullname": "Đặng Hồng Thái",
      "startDate": "2017-08-25T07:47:30.444Z",
      "finishDate": "2017-08-30T07:47:30.444Z",
      "percentage": 95,
      "participantNote": "Đang thực hiện",
      "activityTemplateId": 101,
      "activityId": 201,
      "activityStateId": 1002,
      "preChecklists": [102],
      "days": 5,
      "dueDate": "2017-08-30T07:47:30.444Z",
      "overdue": 0,
      "rating": 95,
      "docFileId": 202,
      "docFileTemplateId": 303,
      "docArchiveId": 404,
      "docArchiveTemplateId": 505
}