{
      "checklistId": 102,
      "createDate": "2017-08-10T07:47:30.443Z",
      "modifiedDate": "2017-08-10T07:47:30.443Z",
      "type": 1,
      "doItem": "Thực hiện xây dựng văn bản kiểm tra công việc",
      "seqNum": 2,
      "participantId": 202,
      "fullname": "Đặng Nhật Tân",
      "startDate": "2017-08-10T07:47:30.444Z",
      "finishDate": "2017-08-15T07:47:30.444Z",
      "percentage": 10,
      "participantNote": "Đang thực hiện",
      "activityTemplateId": 202,
      "activityId": 201,
      "activityStateId": 1002,
      "preChecklists": [102,104],
      "days": 5,
      "dueDate": "2017-08-15T07:47:30.444Z",
      "overdue": 0,
      "rating": 0,
      "docFileId": 102,
      "docFileTemplateId": 201,
      "docArchiveId": 103,
      "docArchiveTemplateId": 203
}