{
      "participantId": 103,
      "createDate": "2017-08-21T14:55:06.349Z",
      "modifiedDate": "2017-08-21T14:55:06.349Z",
      "fullName": "Trần Văn Định",
      "companyName": "Công ty TNHH DELCO",
      "telNo": "094723457",
      "email": "dinhtv@gmail.com",
      "userMappingId": 203,
      "participantRole": "đóng góp ý kiến",
      "assignedBy": "Nguyễn Hải Bình",
      "assignedNote": "đóng góp ý kiến",
      "avaibility": 2,
      "checkinTime": "2017-08-22T14:55:06.350Z",
      "closedTime": null,
      "participantNote": "đóng góp ý kiến",
      "nosendEmail": true,
      "isManager": false,
      "lastAccess": "2017-08-22T14:55:06.350Z"
}