{
  "total": 5,
  "data": [
    {
      "participantId": 101,
      "createDate": "2017-08-12T14:55:06.349Z",
      "modifiedDate": "2017-08-12T14:55:06.349Z",
      "fullName": "Nguyễn Văn Toàn",
      "companyName": "Công ty TNHH DELCO",
      "telNo": "0974234898",
      "email": "toannv@gmail.com",
      "userMappingId": 201,
      "participantRole": "xử lý công việc",
      "assignedBy": "Đăng Văn Tuấn",
      "assignedNote": "Xử lý công việc ngày 12/08/2017",
      "avaibility": 0,
      "checkinTime": null,
      "closedTime": null,
      "participantNote": "Xử lý công việc ngày 12/08/2017",
      "nosendEmail": false,
      "isManager": false,
      "lastAccess": "2017-08-16T14:55:06.350Z"
    },
    {
      "participantId": 102,
      "createDate": "2017-08-16T14:55:06.349Z",
      "modifiedDate": "2017-08-16T14:55:06.349Z",
      "fullName": "Nguyễn Hải Bình",
      "companyName": "Công ty TNHH DELCO",
      "telNo": "0974234567",
      "email": "binhnh@gmail.com",
      "userMappingId": 202,
      "participantRole": "chủ trì",
      "assignedBy": null,
      "assignedNote": "chủ trì",
      "avaibility": 1,
      "checkinTime": "2017-08-20T14:55:06.350Z",
      "closedTime": "2017-08-20T14:55:06.350Z",
      "participantNote": "Chủ chì công việc",
      "nosendEmail": false,
      "isManager": true,
      "lastAccess": "2017-08-20T14:55:06.350Z"
    },
    {
      "participantId": 103,
      "createDate": "2017-08-21T14:55:06.349Z",
      "modifiedDate": "2017-08-21T14:55:06.349Z",
      "fullName": "Trần Văn Định",
      "companyName": "Công ty TNHH DELCO",
      "telNo": "094723457",
      "email": "dinhtv@gmail.com",
      "userMappingId": 203,
      "participantRole": "đóng góp ý kiến",
      "assignedBy": "Nguyễn Hải Bình",
      "assignedNote": "đóng góp ý kiến",
      "avaibility": 2,
      "checkinTime": "2017-08-22T14:55:06.350Z",
      "closedTime": null,
      "participantNote": "đóng góp ý kiến",
      "nosendEmail": true,
      "isManager": false,
      "lastAccess": "2017-08-22T14:55:06.350Z"
    },
    {
      "participantId": 104,
      "createDate": "2017-08-22T14:55:06.349Z",
      "modifiedDate": "2017-08-22T14:55:06.349Z",
      "fullName": "Phạm Công Đức",
      "companyName": "Công ty TNHH DELCO",
      "telNo": "0982345678",
      "email": "ducpc@gmail.com",
      "userMappingId": 204,
      "participantRole": "xử lý công việc",
      "assignedBy": "Nguyễn Hải Bình",
      "assignedNote": "xử lý công việc",
      "avaibility": 1,
      "checkinTime": "2017-08-23T14:55:06.350Z",
      "closedTime": null,
      "participantNote": "xử lý công việc",
      "nosendEmail": false,
      "isManager": false,
      "lastAccess": "2017-08-23T14:55:06.350Z"
    },
    {
      "participantId": 105,
      "createDate": "2017-08-23T14:55:06.349Z",
      "modifiedDate": "2017-08-23T14:55:06.349Z",
      "fullName": "Trần Viết Minh",
      "companyName": "Công ty TNHH DELCO",
      "telNo": "0978123456",
      "email": "minhtv@gmail.com",
      "userMappingId": 205,
      "participantRole": "Diễn giả",
      "assignedBy": "Nguyễn Hải Bình",
      "assignedNote": "Diễn giả",
      "avaibility": 0,
      "checkinTime": null,
      "closedTime": null,
      "participantNote": "Diễn giả",
      "nosendEmail": false,
      "isManager": false,
      "lastAccess": null
    }
  ]
}