{
  "total": 0,
  "data": [
    {
      "fileEntryId": 201,
      "fileName": "20-07-2017/TT20-BGTVT",
      "createdDate": "2017-07-7T04:05:01.722Z",
      "modifiedDate": "2017-07-7T04:05:01.722Z",
      "fileType": "pdf",
      "fileSize": 5,
      "version": "1.0"
    },
    {
      "fileEntryId": 202,
      "fileName": "30-07-2017/TT30-BGTVT",
      "createdDate": "2017-07-20T04:05:01.722Z",
      "modifiedDate": "2017-07-20T04:05:01.722Z",
      "fileType": "pdf",
      "fileSize": 10,
      "version": "1.0"
    },
    {
      "fileEntryId": 203,
      "fileName": "30-07-2017/ND30-TTCP",
      "createdDate": "2017-07-21T04:05:01.722Z",
      "modifiedDate": "2017-07-21T04:05:01.722Z",
      "fileType": "doc",
      "fileSize": 6,
      "version": "1.0"
    },
    {
      "fileEntryId": 204,
      "fileName": "30-07-2017/QD30-TTCP",
      "createdDate": "2017-07-22T04:05:01.722Z",
      "modifiedDate": "2017-07-22T04:05:01.722Z",
      "fileType": "doc",
      "fileSize": 10,
      "version": "1.0"
    },
    {
      "fileEntryId": 205,
      "fileName": "30-07-2017/QD30-TTCP",
      "createdDate": "2017-07-23T04:05:01.722Z",
      "modifiedDate": "2017-07-23T04:05:01.722Z",
      "fileType": "doc",
      "fileSize": 10,
      "version": "1.0"
    }
  ]
}