{
  "total": 5,
  "data": [
    {
      "changeLogId": 201,
      "createDate": "2017-07-17T04:05:01.722Z",
      "author": "Tạ Hữu Bình",
      "content": "Chỉnh sữa văn bản"
    },
    {
      "changeLogId": 202,
      "createDate": "2017-07-20T04:05:01.722Z",
      "author": "Lê Phú Cường",
      "content": "Duyệt văn bản"
    },
    {
      "changeLogId": 203,
      "createDate": "2017-07-22T04:05:01.722Z",
      "author": "Nguyễn Hồng Sơn",
      "content": "Đính kèm văn bản"
    },
    {
      "changeLogId": 204,
      "createDate": "2017-07-27T04:05:01.722Z",
      "author": "Trần Kim Dũng",
      "content": "Phê duyệt văn bản"
    },
    {
      "changeLogId": 205,
      "createDate": "2017-07-26T04:05:01.722Z",
      "author": "Tạ Tuấn Anh",
      "content": "Xóa văn bản"
    }
  ]
}