{
  "total": 6,
  "data": [
    {
      "docArchivePartId": 1,
      "createDate": "2017-07-5T04:05:01.722Z",
      "modifiedDate": "2017-07-5T04:05:01.722Z",
      "partName": "Bản vẽ thiết kế tòa nhà NH3",
      "sibling": "1",
      "parentId": 0,
      "treeIndex": "1"
    },
    {
      "docArchivePartId": 2,
      "createDate": "2017-07-6T04:05:01.722Z",
      "modifiedDate": "2017-07-6T04:05:01.722Z",
      "partName": "Bản vẽ sàn",
      "sibling": "1.1",
      "parentId": 1,
      "treeIndex": "2"
    },
    {
      "docArchivePartId": 3,
      "createDate": "2017-07-7T04:05:01.722Z",
      "modifiedDate": "2017-07-7T04:05:01.722Z",
      "partName": "Bản vẽ móng",
      "sibling": "1.2",
      "parentId": 1,
      "treeIndex": "3"
    },
    {
      "docArchivePartId": 4,
      "createDate": "2017-07-9T04:05:01.722Z",
      "modifiedDate": "2017-07-9T04:05:01.722Z",
      "partName": "Bản vẽ nội thất",
      "sibling": "1.3",
      "parentId": 1,
      "treeIndex": "4"
    },
    {
      "docArchivePartId": 5,
      "createDate": "2017-07-10T04:05:01.722Z",
      "modifiedDate": "2017-07-10T04:05:01.722Z",
      "partName": "Bản vẽ hệ thống điện",
      "sibling": "1.4",
      "parentId": 1,
      "treeIndex": "5"
    },
    {
      "docArchivePartId": 6,
      "createDate": "2017-07-11T04:05:01.722Z",
      "modifiedDate": "2017-07-11T04:05:01.722Z",
      "partName": "Bản vẽ thiết kế thi công",
      "sibling": "1.5",
      "parentId": 1,
      "treeIndex": "6"
    }
  ]
}