{
  "total": 3,
  "data": [
    {
      "fileAttachId": 1,
      "createdDate": "2017-09-18T02:21:32.720Z",
      "modifiedDate": "2017-09-18T02:21:32.720Z",
      "fullname": "abc",
      "email": "abc@gmail.com",
      "fileName": "file1.txt",
      "fileType": "txt",
      "fileSize": 345,
      "version": "1",
      "source": "source",
      "sourceUrl": "source/",
      "docFileId": 1
    },
	{
      "fileAttachId": 2,
      "createdDate": "2017-09-18T02:21:32.720Z",
      "modifiedDate": "2017-09-18T02:21:32.720Z",
      "fullname": "abc 2",
      "email": "abc2@gmail.com",
      "fileName": "file2.txt",
      "fileType": "txt",
      "fileSize": 345,
      "version": "2",
      "source": "source",
      "sourceUrl": "source/",
      "docFileId": 2
    },
	{
      "fileAttachId": 3,
      "createdDate": "2017-09-18T02:21:32.720Z",
      "modifiedDate": "2017-09-18T02:21:32.720Z",
      "fullname": "abc 3",
      "email": "abc2@gmail.com",
      "fileName": "file3.txt",
      "fileType": "txt",
      "fileSize": 345,
      "version": "2",
      "source": "source",
      "sourceUrl": "source/",
      "docFileId": 3
    }
  ]
}
