{
  "dictItemId": 3,
  "createDate": "2017-07-22T04:05:01.722Z",
  "modifiedDate": "2017-07-22T04:05:01.722Z",
  "dictCollectionId": 2,
  "itemCode": "1",
  "itemName": "Văn bản chuyên môn",
  "itemNameEN": "Văn bản chuyên môn",
  "itemDescription": "Văn bản chuyên môn",
  "parentItem": {
    "dictItemId": 0,
    "itemCode": "",
    "itemName": ""
  },
  "level": 1,
  "sibling": 3,
  "treeIndex": "1.3",
  "groups": 
  [
    {
      "groupCode": "DOCUMENT_GROUP",
      "groupName": "Nhóm loại văn bản",
      "groupNameEN": "Nhóm loại văn bản"
    }
  ]
}
