{
	"total": 14,
	"data": [

		{
			"dictItemId": 1,
			"createDate": "2017-07-20T04:05:01.722Z",
			"modifiedDate": "2017-07-20T04:05:01.722Z",
			"dictCollectionId": 2,
			"itemCode": "1",
			"itemName": "Văn bản pháp quy",
			"itemNameEN": "Văn bản pháp quy",
			"itemDescription": "Văn bản pháp quy",
			"isDeleted": true,
			"parentItem": {
				"dictItemId": 0,
				"itemCode": "",
				"itemName": ""
			},
			"level": 0,
			"sibling": 1,
			"treeIndex": "1"
		},
		{
			"dictItemId": 10,
			"createDate": "2017-07-20T04:05:01.722Z",
			"modifiedDate": "2017-07-20T04:05:01.722Z",
			"dictCollectionId": 2,
			"itemCode": "10",
			"itemName": "Luật",
			"itemNameEN": "Luật",
			"itemDescription": "Luật",
			"parentItem": {
				"dictItemId": 1,
				"itemCode": "1",
				"itemName": "Văn bản pháp quy"
			},
			"level": 1,
			"sibling": 1,
			"treeIndex": "1.1"
		},
		{
			"dictItemId": 11,
			"createDate": "2017-07-20T04:05:01.722Z",
			"modifiedDate": "2017-07-20T04:05:01.722Z",
			"dictCollectionId": 2,
			"itemCode": "11",
			"itemName": "Hiến pháp",
			"itemNameEN": "Hiến pháp",
			"itemDescription": "Hiến pháp",
			"parentItem": {
				"dictItemId": 1,
				"itemCode": "1",
				"itemName": "Văn bản pháp quy"
			},
			"level": 1,
			"sibling": 2,
			"treeIndex": "1.2"
		},
		{
			"dictItemId": 12,
			"createDate": "2017-07-20T04:05:01.722Z",
			"modifiedDate": "2017-07-20T04:05:01.722Z",
			"dictCollectionId": 2,
			"itemCode": "12",
			"itemName": "Nghị định",
			"itemNameEN": "Nghị định",
			"itemDescription": "Nghị định",
			"parentItem": {
				"dictItemId": 1,
				"itemCode": "1",
				"itemName": "Văn bản pháp quy"
			},
			"level": 1,
			"sibling": 3,
			"treeIndex": "1.3"
		},
		{
			"dictItemId": 2,
			"createDate": "2017-07-21T04:05:01.722Z",
			"modifiedDate": "2017-07-21T04:05:01.722Z",
			"dictCollectionId": 2,
			"itemCode": "2",
			"itemName": "Văn bản hành chính",
			"itemNameEN": "Văn bản hành chính",
			"itemDescription": "Văn bản hành chính",
			"parentItem": {
				"dictItemId": 0,
				"itemCode": "",
				"itemName": ""
			},
			"level": 0,
			"sibling": 1,
			"treeIndex": "1"
		},
		{
			"dictItemId": 20,
			"createDate": "2017-07-21T04:05:01.722Z",
			"modifiedDate": "2017-07-21T04:05:01.722Z",
			"dictCollectionId": 2,
			"itemCode": "20",
			"itemName": "VBHC1",
			"itemNameEN": "VBHC1",
			"itemDescription": "VBHC1",
			"parentItem": {
				"dictItemId": 2,
				"itemCode": "Văn bản hành chính",
				"itemName": "Văn bản hành chính"
			},
			"level": 1,
			"sibling": 1,
			"treeIndex": "1.1"
		},
		{
			"dictItemId": 21,
			"createDate": "2017-07-21T04:05:01.722Z",
			"modifiedDate": "2017-07-21T04:05:01.722Z",
			"dictCollectionId": 2,
			"itemCode": "21",
			"itemName": "VBHC2",
			"itemNameEN": "VBHC2",
			"itemDescription": "VBHC2",
			"parentItem": {
				"dictItemId": 2,
				"itemCode": "Văn bản hành chính",
				"itemName": "Văn bản hành chính"
			},
			"level": 1,
			"sibling": 2,
			"treeIndex": "1.2"
		},
		{
			"dictItemId": 22,
			"createDate": "2017-07-21T04:05:01.722Z",
			"modifiedDate": "2017-07-21T04:05:01.722Z",
			"dictCollectionId": 2,
			"itemCode": "22",
			"itemName": "VBHC3",
			"itemNameEN": "VBHC3",
			"itemDescription": "VBHC3",
			"parentItem": {
				"dictItemId": 2,
				"itemCode": "Văn bản hành chính",
				"itemName": "Văn bản hành chính"
			},
			"level": 1,
			"sibling": 3,
			"treeIndex": "1.3"
		},
		{
			"dictItemId": 3,
			"createDate": "2017-07-20T04:05:01.722Z",
			"modifiedDate": "2017-07-20T04:05:01.722Z",
			"dictCollectionId": 2,
			"itemCode": "3",
			"itemName": "Văn bản chuyên môn",
			"itemNameEN": "Văn bản chuyên môn",
			"itemDescription": "Văn bản chuyên môn",
			"parentItem": {
				"dictItemId": 0,
				"itemCode": "",
				"itemName": ""
			},
			"level": 0,
			"sibling": 1,
			"treeIndex": "1"
		},
		{
			"dictItemId": 30,
			"createDate": "2017-07-20T04:05:01.722Z",
			"modifiedDate": "2017-07-20T04:05:01.722Z",
			"dictCollectionId": 2,
			"itemCode": "30",
			"itemName": "VBCM1",
			"itemNameEN": "VBCM1",
			"itemDescription": "VBCM1",
			"parentItem": {
				"dictItemId": 3,
				"itemCode": "3",
				"itemName": "Văn bản chuyên môn"
			},
			"level": 1,
			"sibling": 1,
			"treeIndex": "1.1"
		}, {
			"dictItemId": 31,
			"createDate": "2017-07-20T04:05:01.722Z",
			"modifiedDate": "2017-07-20T04:05:01.722Z",
			"dictCollectionId": 2,
			"itemCode": "31",
			"itemName": "VBCM2",
			"itemNameEN": "VBCM2",
			"itemDescription": "VBCM2",
			"parentItem": {
				"dictItemId": 3,
				"itemCode": "3",
				"itemName": "Văn bản chuyên môn"
			},
			"level": 1,
			"sibling": 2,
			"treeIndex": "1.2"
		},
		{
			"dictItemId": 4,
			"createDate": "2017-07-23T04:05:01.722Z",
			"modifiedDate": "2017-07-23T04:05:01.722Z",
			"dictCollectionId": 2,
			"itemCode": "4",
			"itemName": "Tài liệu xuất bản",
			"itemNameEN": "Tài liệu xuất bản",
			"itemDescription": "Tài liệu xuất bản",
			"parentItem": {
				"dictItemId": 0,
				"itemCode": "",
				"itemName": ""
			},
			"level": 0,
			"sibling": 1,
			"treeIndex": "1"
		},
		{
			"dictItemId": 5,
			"createDate": "2017-07-24T04:05:01.722Z",
			"modifiedDate": "2017-07-24T04:05:01.722Z",
			"dictCollectionId": 2,
			"itemCode": "5",
			"itemName": "Bộ dữ liệu",
			"itemNameEN": "Bộ dữ liệu",
			"itemDescription": "Bộ dữ liệu",
			"parentItem": {
				"dictItemId": 0,
				"itemCode": "",
				"itemName": ""
			},
			"level": 0,
			"sibling": 1,
			"treeIndex": "1"
		},
		{
			"dictItemId": 50,
			"createDate": "2017-07-24T04:05:01.722Z",
			"modifiedDate": "2017-07-24T04:05:01.722Z",
			"dictCollectionId": 2,
			"itemCode": "50",
			"itemName": "BDL1",
			"itemNameEN": "BDL1",
			"itemDescription": "BDL1",
			"parentItem": {
				"dictItemId": 5,
				"itemCode": "5",
				"itemName": "Bộ dữ liệu"
			},
			"level": 1,
			"sibling": 1,
			"treeIndex": "1.1"
		}
	]
}
