{
  "total": 4,
  "data": [
    {
      "locationId": 101,
      "createDate": "2017-07-19T08:32:41.550Z",
      "modifiedDate": "2017-07-19T08:32:41.551Z",
      "location": "40 Tôn thất thuyết, hà nội",
      "geolocation": "21.028131, 105.784400"
    },
    {
      "locationId": 102,
      "createDate": "2017-07-19T08:32:41.550Z",
      "modifiedDate": "2017-07-19T08:32:41.551Z",
      "location": "Số 30 cầu giấy, Hà Nội",
      "geolocation": "21.028677:105.802923"
    },
    {
      "locationId": 103,
      "createDate": "2017-07-19T08:32:41.550Z",
      "modifiedDate": "2017-07-19T08:32:41.551Z",
      "location": "Số 10 Phạm Ngọc Thạch, Hà Nội",
      "geolocation": "21.008298, 105.833759"
    },
    {
      "locationId": 106,
      "createDate": "2017-07-19T08:32:41.550Z",
      "modifiedDate": "2017-07-19T08:32:41.551Z",
      "location": "Số 20 đường tây sơn, hà nội",
      "geolocation": "21.008197, 105.823331"
    }
  ]
}
