{
	"total": 5,
	"data": [
		{
			"workspaceId": 1,
		      "createDate": "2017-09-07T07:16:24.793Z",
		      "modifiedDate": "2017-09-07T07:16:24.793Z",
		      "name": "Delco",
		      "parentId": 0,
		      "seqOrder": 1,
		      "level": 0,
		      "treeIndex": "1.1",
		      "accessible": false
		},
		{
			"workspaceId": 2,
		      "createDate": "2017-09-07T07:16:24.793Z",
		      "modifiedDate": "2017-09-07T07:16:24.793Z",
		      "name": "workspace1 delco",
		      "parentId": 1,
		      "seqOrder": 1,
		      "level": 1,
		      "treeIndex": "1.1",
		      "accessible": false
		},
		{
			"workspaceId": 3,
		      "createDate": "2017-09-07T07:16:24.793Z",
		      "modifiedDate": "2017-09-07T07:16:24.793Z",
		      "name": "Delco3",
		      "parentId": 2,
		      "seqOrder": 1,
		      "level": 2,
		      "treeIndex": "1.1",
		      "accessible": false
		},
		{
			"workspaceId": 4,
		      "createDate": "2017-09-07T07:16:24.793Z",
		      "modifiedDate": "2017-09-07T07:16:24.793Z",
		      "name": "Delco4",
		      "parentId": 0,
		      "seqOrder": 1,
		      "level": 0,
		      "treeIndex": "1.1",
		      "accessible": false
		},
		{
			"workspaceId": 5,
		      "createDate": "2017-09-07T07:16:24.793Z",
		      "modifiedDate": "2017-09-07T07:16:24.793Z",
		      "name": "Delco5",
		      "parentId": 0,
		      "seqOrder": 1,
		      "level": 0,
		      "treeIndex": "1.1",
		      "accessible": false
		}
	]
}
