{
  "employeeId": 101,
  "userId": 201,
  "userName": "tiennv",
  "createDate": "2017-07-21T03:23:39.753Z",
  "modifiedDate": "2017-07-21T03:23:39.753Z",
  "employeeNo": "MS104",
  "fullName": "Nguyễn Văn Thắng",
  "gender": "Nam",
  "birthdate": "1977-07-19",
  "telNo": "094823456",
  "mobile": "094823456",
  "email": "thangnv@gmail.com",
  "workingStatus": 0,
  "jobPosts": [
    {
      "jobPosId": 201,
      "title": "Nhân viên",
      "workingUnitId": 101,
      "workingUnitName": "Bộ phận kinh doanh",
      "mainJobPos": false
    }
  ],
  "mappingUser": 
  {
    "userId": 201,
    "screenName": "Nguyễn Văn Thắng",
    "locking": false
  },
  "files": 
  {
    "fileEntryId":101,
    "fileName": "file_1.pdf",
    "fileType": "pdf",
    "fileSize": 2
  }
}